id,storypoint
3433,6.680380912600081
106,2.441996880238752
7182,1.488653461323262
8985,2.849130390415113
2149,1.058699689863778
7150,5.15207071327148
9326,2.7096728773178524
6162,3.268985494482596
2008,1.9374914410324273
568,3.5228446192300327
5937,4.395918939593792
3122,3.6879550568957047
5112,6.757319509403098
3774,3.3967383345969626
6718,4.066898168143123
4181,3.4612849546865228
3047,6.378132105397732
2107,3.638867142483187
3860,3.7360467087910187
5820,5.047030745340482
5261,3.294639576904755
6961,3.3705581178352286
6723,4.771920501195194
416,2.804347161083782
7358,1.3256493870162536
8138,3.700982677625964
96,6.165460990471175
7585,6.641048851943845
2254,3.5705618022525023
3473,2.24123990842974
1056,3.0142685966512777
7034,3.0429463060229605
8410,6.809772016587681
33,2.8575497182482312
3130,2.21736314702835
8779,1.860045250407007
8115,4.980096435061705
960,7.790502971587541
5848,0.16558822424803
2948,6.748169579033167
5457,5.811292807353932
6515,4.993268040847598
7807,3.3888211626393345
6224,1.1014374211407065
6310,2.6135266651397426
1355,4.906107052927675
3677,4.472923564742492
487,4.854026715005008
3945,6.5477874247124035
9828,4.371215466210808
6104,4.982755685682426
8460,4.663010825786246
856,4.223902206811134
4461,5.075841706079074
2133,6.214181507718226
6621,7.104740854736933
7222,2.587356547003256
7566,3.438740685909356
2625,1.768391126521672
4830,2.0418123779255306
799,2.8401056279476977
5398,2.5416167430447487
5488,4.720224140741966
7917,0.7610209032866178
7580,3.671688701517785
4686,1.4330072496357409
1758,6.081425159741761
8012,2.8887958316785776
4813,1.7940117172219359
39,2.9960961735604177
7346,6.49623048137974
1851,2.2285575811758864
3879,4.08366016220292
6762,3.908435707881744
8153,7.238219863069966
9607,2.3733562227194183
251,2.066819480422225
9403,2.8640210436324427
7530,3.0740697878428356
9803,6.013283379254451
29,4.372246522323611
3941,1.0404814433600902
1512,3.7050197922563206
3455,4.83599888464471
4392,3.6585646792837347
4553,3.717840086614824
5769,3.0903287918988354
1441,1.839449801687068
6625,3.494724853519193
7423,3.4954180523357308
3601,7.704306506544009
3184,6.822317349733332
7875,3.054089190580288
9671,2.623929406313004
3463,6.337020377401962
7784,3.794425092264288
1793,4.102799982833642
4807,8.239883797606687
2036,1.6737455389659472
5376,3.5085633065674315
4812,4.607181788801363
1880,4.709350870273889
5627,4.046984794405608
7376,3.669390263520964
7220,3.633426560027794
7859,2.9277222900045383
1513,5.860992863067346
1310,2.5496167639167746
4629,4.410516127003623
7609,3.2241330475741243
4704,3.308538549799521
6888,5.347208695415231
2236,3.090327751600364
5652,2.280997643154623
7289,5.644102707175753
311,7.024100336259102
4147,2.912529082216504
9748,0.3455937061229801
7445,1.216245308371421
5554,6.7273764961605735
623,4.524211700466732
2025,2.7993630911005543
1413,7.09592515584899
1616,3.5423813238259956
7729,2.475841884355465
6551,0.7805322230537963
2769,3.2678825664955236
8081,4.166185400111493
5551,0.7118259232527713
6832,5.612802919622988
80,3.81918608149962
518,4.607283828003451
2335,5.801424896647896
6006,3.2490209820387914
3094,3.7552742480234267
6923,3.2615388718532863
8935,3.303917648041785
4127,5.984135449991829
7933,8.256781994962916
5484,6.828905179740234
1402,4.218975796676899
735,4.008715390222922
9849,3.3952015189055578
1026,1.9931803433123394
3768,2.184384910732822
388,4.693967424268553
794,1.0042962496298649
4342,5.409925588348015
7539,1.7296268110086515
500,4.359305030137436
9526,3.2507876433975476
3145,3.789945585529674
2619,3.73020637054461
1965,6.16145175298686
304,5.164511450768289
590,3.685097079194871
7985,0.34117917379508267
4288,1.5294340830337108
6306,3.8143690403638555
2215,5.2239630507021895
8121,3.1886422048498595
3090,5.480182218162092
8417,1.7297889323304436
5076,7.503583954706913
9629,5.893876136589002
6948,6.494875373261335
5547,0.33769218692403813
8729,4.178951201508891
4049,6.048051172388873
510,1.6792129573910084
4961,7.061028555162352
8542,2.606454056961106
576,2.4903626994515085
4801,5.414457270408676
4936,2.5551707853325474
8418,4.727262015244583
88,3.2616733844044274
1805,3.7379006902227614
6929,4.733801196991476
1222,3.642750405329178
7839,4.280414876196548
3204,2.366383735884953
5034,6.1055704812453895
7213,3.987065891867336
4880,4.797519461751724
655,5.64933094421838
7198,1.1265494477372076
3870,4.210570699149398
6053,4.0174965619007015
9784,1.9079302758700492
4680,3.13072826429069
107,5.7577079666909174
8742,4.0643557076314965
7275,3.1857693475095425
8381,4.031304434788407
5697,4.00759639403811
3045,4.325850074038669
4534,4.294626746721589
2273,4.282537953110715
733,2.567136228283008
9045,1.7103543003338442
3902,7.703515873443797
9104,3.3757097423809697
7377,7.013972263131677
2348,3.821880147601376
108,4.268135187248283
1731,7.707677462737985
9259,1.834638318778477
3570,5.117020483262374
4522,4.743353557879845
1217,4.477701339680337
9810,1.6901032294349672
1147,7.692130131180511
532,3.726708815816612
3833,5.715133668265967
1569,6.329517611553831
5081,4.82670899648229
1726,6.34876220469368
2880,2.0780221181802467
8701,2.0236956629955536
6037,4.43966592221192
4823,5.930145205787502
3021,5.801982814059578
9610,2.224318449385296
7292,5.110510580458137
5215,3.2455352840974108
2487,5.173512466798913
1568,0.7755429507918321
7051,4.846560042836721
1737,4.178825004912451
637,7.408579460818737
6622,7.606391279885979
8596,6.603460714505905
4421,2.043589529773865
6547,5.2160190282609955
5053,1.0837124807601817
4965,3.3986871322990533
439,4.721175123857129
8638,4.448098981919518
1891,2.7078080203249684
4890,3.633968103093986
5271,2.897171324481794
8209,3.3078997239711194
9792,6.620326236385132
92,6.602710466479261
119,2.9318614043218254
6391,5.9287330825108615
7750,6.030244688881819
1496,3.794402664322565
6323,3.5874201119900935
1432,4.801514004955433
5858,7.152491584593938
9115,4.086213724417352
4209,3.239450407257986
1864,4.058310434841114
8355,3.559496027173239
8046,5.389042906610526
4246,6.35926268073516
1578,8.648927185420808
9648,2.502503776240656
7181,3.3181344718906236
7469,3.415517597119319
5606,2.4703305316450828
4403,6.193670585932821
7538,3.7892484778964395
6453,3.4369452965142653
9737,3.7862474750285564
6003,5.4320330643139165
1509,4.207289357039823
6604,3.7664595383828203
7929,4.438723348237908
543,3.4930159229118445
4575,5.559516950008224
6101,5.719077872636303
7640,0.9575155464014067
6715,3.2468084570497533
4982,4.584845268080532
1330,4.235752666081559
3605,2.5440969734474193
7077,4.3775743101742055
5213,3.8583867793092104
1470,8.323722514046361
4505,3.473716813442027
7481,7.098132239773458
2753,0.9654949538164916
8030,3.2829712664515904
2592,6.244678071931492
5910,5.38139695436621
6758,4.594816253578192
7914,6.063752433952738
965,5.615874153966599
5682,2.643569834705323
621,1.6793134095176208
360,5.003317440040542
5263,1.6088739785575306
5841,4.078096143205762
8132,3.0019415522891366
1877,2.6144797917701954
4597,2.790598760024902
8508,2.905002640471619
6545,0.4361763270933521
764,4.694055539488414
5458,4.085594472677063
3653,3.2687303769594305
9430,5.977523521632834
8269,3.989252302043722
9075,3.700465406949043
9660,4.94381149507829
1608,3.357396523377262
1261,5.943323894624086
4248,2.565682345062866
7649,3.764469522948575
263,3.3285723287879785
1076,2.0696017078217492
3263,2.533842424545973
971,4.335301270389386
1020,3.421069466592762
1084,4.392816147425473
9839,1.9335678288934193
3767,6.06392784096374
3315,2.3709096261634213
4151,5.558501236577998
4028,2.1249490258653605
6117,2.514521578819831
3328,3.829289779482262
872,1.2463739674235992
6576,2.9811887143089044
4992,7.461387536979057
8722,6.596095436949367
7937,2.4505001882610054
8520,5.601506588829526
1078,4.379942072758408
9026,6.954197849693051
6395,1.3422031257155465
5072,4.361002414382277
4436,5.843331325437128
2698,3.5643529431291467
8295,4.611370810587756
5723,5.654668728376302
7234,4.4560289979388745
3781,2.9214102163436646
3043,5.068857522643479
7475,1.8835895685125617
6377,2.424859859142142
3942,6.347635266453501
4773,2.3499004068065936
303,2.121354948739068
4631,2.7376591548121274
7798,6.145336222530914
1662,3.6375554656600437
6575,2.945249417922104
2692,1.2602443830876626
5340,1.8666380011188104
7899,4.053038466994137
1623,0.8226100731384087
647,5.071881955834403
9822,2.045373735065768
346,6.537661941350935
6699,3.5576444825523543
4918,2.423402853553828
8379,3.873168703106253
2609,2.7506250901714537
5331,2.8466646529497996
8089,6.0423003239954305
9448,5.561939273998151
3,4.423113667426733
5098,5.571644734319507
2221,7.122875297124647
2458,4.332795544934102
4802,2.735791757787201
4710,2.8655616581311443
290,4.993303998954581
3443,3.216994212171426
3485,6.657022479687948
8744,2.656423008170462
3469,3.3562827837583766
7015,5.668604789654575
6594,0.33814164506057454
6785,5.815307599275093
8370,3.008481978898858
5819,5.338132322678488
4633,4.648436393834967
5264,4.231577655550087
1472,3.799224956119623
135,4.6476274216526665
5135,2.5811272144254978
1691,3.9851738728134434
3027,5.958638597197339
921,4.271125702680416
7471,4.414959491997532
8464,3.6565776737320617
7990,3.7660666083798926
9212,3.187831383930118
9427,5.712009147832655
7923,3.534356420221468
4110,4.689289863360025
2075,1.4886548204139163
7307,2.480149887005354
5680,5.833870402877487
4022,0.9148874448448505
2484,4.6855114949949
3059,3.169539640994816
673,4.310843567372128
2183,1.8721232808096855
2423,4.724956503312547
5292,5.538185103012304
4601,4.885755138881738
5963,6.572706730046693
8736,6.43408313282878
2340,5.648566106832099
1208,4.158135441360279
4929,1.814056495457009
1315,3.5164001724258123
4441,2.5962777432632933
2750,1.7591784563013984
3660,0.9882504640741607
9662,4.518111842551434
9078,2.075989568357083
761,2.0196278854831697
8248,5.3988266630637085
9667,4.418343764633667
9161,3.398533675031409
7621,3.9334292778132225
1068,3.856689071311483
9390,4.013940458123436
6318,2.8233553575465784
2770,2.4273694316573966
2474,3.9596163805533218
5508,3.8489008101280486
7951,5.9366637117186745
8746,5.568388985971369
6355,6.3007857328071015
5529,5.972496165097667
9037,3.949855604293921
7664,3.632907889383625
3370,1.4847375316917524
3661,2.497004631405853
4513,5.7867732752567775
9149,2.3713120568208694
321,2.728706987862542
1175,0.26237305761814467
7749,3.820768758616398
6389,3.3484568090837854
782,4.357368669157222
2239,6.065853798286902
5638,4.915863055421703
4397,4.376738822342908
5011,2.437738448227878
4180,2.450493001852145
3284,4.568131359756318
9577,7.5982494939630145
8807,3.5235602612312595
483,3.0967389745013234
3032,2.771933377806304
1954,1.9218919407203152
3698,3.9270045552856816
1145,7.798362481108915
6829,0.5931176999659415
8083,5.356139347112419
330,8.64156818207951
7972,5.963860401560607
8296,2.8857102926115386
6045,4.388895008539761
4239,6.045337611930259
4427,4.308141984039732
144,1.9148964086621414
5831,1.3057073993382389
367,3.3476526963099813
8801,2.901897118740946
5156,1.0202792839512216
7011,7.535255562008459
333,2.212140905212382
2088,1.8810077618263428
5225,2.992885575120184
8902,6.044575193432955
7766,2.4884807238953766
9598,2.4288167649492833
2859,2.2938593752564618
2997,6.315349945327933
8036,4.845305862528444
9121,5.3028866311268965
3079,4.66411271339756
7450,5.50151904472561
3077,0.07486659410180563
3448,3.1671870345398965
5581,5.586366042600982
2417,5.7250824833651315
6733,3.2762241447696256
6669,1.5026303323530708
1369,5.626648494192047
7033,4.106580921835584
4949,1.7270959008753484
3994,2.8858543295488874
4797,1.3587803267018432
2820,2.0622458541839706
8315,5.037779966771073
5244,4.191523687528285
4783,5.28789051950147
5361,2.8001380712114363
1963,6.728301152136984
8178,5.532219495439065
2114,3.248028734911957
7013,3.8226984401029447
8878,3.0417449350219647
1349,4.891718608428494
9218,4.46247347141948
14,7.58412057720286
3146,6.263333383769547
8681,4.090672566587622
7870,7.973860714672197
9089,6.031293369523823
8703,2.2137076649267025
0,4.674891951214887
6258,3.0124204636848435
349,6.74007220242701
3334,-0.30823119980541014
7453,2.34599967312442
9210,2.6112714833722404
457,3.128089110093077
3685,2.84950303192693
9552,7.10859774028343
6734,3.5032729686891724
3542,5.342700102483095
6067,4.024746962248302
1807,5.706931130977703
131,0.3367840713703729
6967,5.708837477547216
5198,2.561008680364649
3777,3.054043199685816
7257,1.4405056075338387
8182,3.3750961503735977
3538,3.6197298599170584
5992,3.428871204238325
8982,5.228223604227439
3921,6.99472792925686
952,5.642829427065605
5193,4.322483571788895
6227,4.718955131935491
5635,3.813384413239419
4584,3.1370840843962116
3905,4.35414668982638
8075,-0.4761486521709437
9341,2.3326291522776477
713,1.4765647266757962
3387,4.163583881095432
3251,4.7186962580167355
3656,7.4303430853663395
265,2.4223386440573833
1111,3.727366607088518
7719,6.166595899650434
9574,3.70074984613382
9407,4.894982573358684
6033,3.538316868579071
932,4.362348135113889
8450,2.61948244990055
5798,3.665569487798555
7837,4.606738435344541
316,5.816692442125714
8124,3.43276895093862
2122,5.233256861721623
2515,3.28582048696354
5300,3.0204555040231584
4341,3.6436323951915157
4271,5.630592655532805
1373,6.230839943936456
5942,4.12072558088983
103,3.072317111969899
6364,4.728084458030088
2129,5.8799899002902345
5605,1.495255593722868
4712,6.447904015238272
1684,3.8097579020959103
3528,5.863937575998831
9835,1.9130515504573256
7441,1.2829311997168964
1383,4.263205945187351
4253,3.4815071613246182
9116,1.9600203051107576
3689,1.693200663139705
3101,6.03752626489657
4423,4.212022702871076
1760,4.003136192890018
1453,1.7104739071190083
3055,2.531738561513136
4549,3.7118017117937345
2029,1.1865065599274565
3540,3.9022294716114603
6324,4.327700309584517
2874,7.832817924856036
4540,4.740640682920798
567,2.553533585662752
7757,2.6020716428692765
8026,2.3566315405008114
9773,8.309403142510373
6157,10.341003204944299
9195,3.291426968883071
4564,0.9879653277703624
3544,1.939686230440761
3160,3.946701883520243
1446,5.232415642934695
5019,6.15244167859613
7332,2.3922616852267824
6179,2.0317406187502054
6372,4.033568509359233
5829,2.1554633015107427
3413,3.517100036676376
2697,4.8778804678909795
8607,5.0531326208824385
4052,4.747886876193677
850,2.677191582184217
1791,5.851739430587797
36,4.880845061068929
2519,-0.02153496184679371
789,4.561828719282239
8974,4.903361572161698
8883,3.4805743863773344
3887,4.207577565638102
5270,3.4622321815426655
2907,3.365887454124845
577,2.2920868498064344
9073,1.8473611182417633
7967,2.1744762342114363
1142,5.585296710670495
5168,3.2478028738419873
4765,2.487235278660072
8939,3.360876730611329
4923,6.233078607662085
8019,6.615407960907447
7344,4.430629325031231
7724,2.7188214020434844
4789,5.0601652585725585
1626,4.301185533737296
7895,1.6506582463885109
3527,5.006399598542178
8683,2.0099026501062753
7840,3.3401894602847646
47,5.3159302618831745
7202,0.5040522578910904
4321,5.364184714179998
5933,7.0206222077566665
9393,2.1972153664672494
4161,2.5241240508671647
958,3.669390263520964
7313,6.940693406892868
3918,4.777082509801826
7746,4.232363189741394
6134,1.4776314847338603
7337,2.0434440990194673
4856,3.752095842094332
7482,1.9988680824878278
6476,2.2927754899587693
3231,5.726930356407526
6252,3.6628311074966966
7496,1.857823248821905
4350,1.6647972600888647
1199,5.256640117684605
2715,2.7411659146743785
5516,3.512974521392526
1247,8.751060195092668
8065,5.1048881397942045
2802,8.308832430386477
5221,2.104391955583887
9664,4.071171959948214
2522,3.3284741064307704
7229,4.227815102346424
6805,4.027756289999351
3381,5.806036805714582
5639,2.8703197675007814
8403,1.761574227055927
4476,2.750459366809429
4877,1.1305770916157942
7023,5.5118095446147155
8430,4.798757702182562
4439,3.934366317492447
8768,5.486488529865349
3948,5.893227617659325
5599,5.95245972543867
7001,4.280747282761874
3082,5.050000326121948
2287,6.31573495059734
586,4.541065578460042
3014,3.331648556659027
6878,4.191510695449507
5506,6.928007973500285
335,2.180241529732614
4864,4.14951604640821
9549,3.8951849077669003
3333,2.7808998709862713
2213,3.822541611784418
4696,1.9411320670218017
1393,1.8801900707292796
23,3.612692779861007
1543,6.108030966097169
2233,2.719488410028971
7500,1.3587169278104656
381,2.6740916139928537
6834,4.35878327253006
6870,3.6238837563529467
2013,7.146146750169169
6347,3.4906445104485826
8538,4.05754829808916
7738,4.980655775862518
2464,4.457610182004017
4162,2.12031447431628
9028,0.8070916517214513
3614,6.291600841591045
3955,5.37174933492593
6301,2.3691070078567558
9868,3.0531047790503245
1090,2.6713395841090195
1780,3.5678721390775303
1188,2.7656614336033685
5070,4.700221262034007
9735,8.904737051658298
9507,6.068440533434387
6326,2.8401550484126528
5716,3.528141153969351
9864,2.1744762342114363
5965,9.452445036176236
1606,3.089554305782213
1087,5.339166013406727
7487,1.8196333012270318
7510,3.574302799409258
4827,4.332790584269755
6899,3.615950314180063
795,3.1494719974748904
9294,2.1666354908207666
2751,4.03893239347843
4708,4.054264822273984
3621,2.9006744728028213
4056,5.291080509182075
8940,6.393003459188909
2531,4.326698285502476
4836,3.5467248880972315
9793,1.6961575416918588
2249,1.4256254378324433
5629,3.770551977015797
1071,8.111892991915765
7808,6.6997441232168775
7369,4.439474036525933
765,5.980209485409313
286,4.169716423530408
9689,4.154715310210498
7613,5.060170323289126
8328,9.042305222413438
4747,1.8750544916416891
2152,4.555414803779714
7217,5.321190397735798
5957,2.4008950179725224
2225,5.011864936570486
563,3.017361741330899
291,1.4021401860425642
1741,1.2397008205007962
5400,1.810713875968697
1575,0.830648419429989
169,5.1969056760657235
267,7.485055749809597
3776,5.143132110157552
3209,2.723022619223202
7614,6.438186240808836
315,2.8270174698075836
6314,5.782460205763845
1803,5.365343834515356
1631,6.187499597873023
245,4.696701959490706
1957,3.5720482773979203
5377,3.7434279765054077
5414,4.867175896407722
50,6.4023214968929505
8706,3.3107688584676795
6198,4.017039567853238
4687,5.080328020694447
4205,4.128769249142551
1155,3.651732485526598
8045,5.23299134076069
4003,0.8383249061232436
8942,2.4443074918693886
3979,4.54909802846276
6451,1.2983830419672917
248,3.6401238873572006
1527,5.846096453826308
4645,4.975359516559548
9180,0.6697824780219723
6569,4.825856574314838
2119,3.3909915140202465
1671,2.862943589767964
4656,4.651889527202042
1180,0.3518402881357434
8167,3.2526815322807123
3070,0.3887160636797904
3205,5.251220502898568
7971,4.41679447276536
1595,3.1255611380891644
9684,1.8268662835719969
447,2.926276979585708
8365,5.569702429945504
1683,2.2254831640940083
4734,1.8273110339193193
6308,6.674167499654571
2833,4.9842213830041295
683,2.004955346593968
2554,4.076148035507245
8331,2.9238528114509843
8062,5.419550466297636
7889,2.948013090596139
3782,4.705487614142176
1739,3.768400094807626
1183,7.2116281087209195
318,6.695338509030819
3795,3.639317633875634
6138,6.872821211390647
1458,4.991906423599015
5235,2.516209774014145
376,1.2342366071276278
410,5.805343525273862
5214,1.7434096559081342
3018,3.43395421227377
8034,2.6877360819434655
6105,3.1373656799729828
4695,0.9312340471176257
6291,4.05754829808916
4819,4.978209034597176
4489,2.824858812423394
5628,4.33201868987111
3960,5.7225995155868485
9046,4.268870354206248
4619,5.680552842045204
2611,2.597193342445414
8889,4.261413895478643
274,3.1473678789552277
7662,4.888221021055995
6990,5.903659652707871
4359,6.929691028041704
7388,2.5455119036956106
2701,1.6759178087323021
7107,1.8315484495858798
9070,3.4238783921434277
7669,3.899838760214218
8757,3.4315893890255778
7646,5.9666062578680155
3044,4.306188749591284
5332,2.466525597164912
4264,3.2003823572040737
9554,4.706901239531229
7874,5.574801001367794
9641,3.628381749232453
5284,4.460850928209609
3282,1.9053528819579217
2456,8.300319371003548
3060,2.1126917441409327
7053,5.122386941871282
5382,3.42803966159968
8620,3.9138908158962478
1576,2.6092438476336133
1372,2.7175618791362006
1318,5.583601809582002
9055,5.435650769922702
3002,5.984536078320668
2884,4.406647126986872
2889,0.4308950099540185
5254,1.7597343575980102
513,1.3624569952372587
8161,4.907130583935126
2389,5.529922465943638
1156,3.645834239085974
6125,3.3363735422067298
6447,3.594560564000199
970,4.949506885627996
2252,4.681073387858346
9487,3.7630565777473715
474,-0.24189100666190866
5452,4.796695702093142
4899,5.570542989550358
3686,5.129182862737741
3172,3.2644483473867463
9415,4.375765947499661
8887,3.4195291337795375
5265,5.144371904828004
4974,1.6789916723945857
5349,0.9702504828015734
3742,3.429920195034658
9136,3.663683602315711
7407,5.908372224238185
8114,2.784341075863444
3649,2.4590793429457727
7086,9.461194296686756
8591,5.9368219088239975
8843,3.8299341941208462
3566,1.6544244743599497
2848,3.872331557128617
8419,5.659326094005059
5040,1.4646591225404082
3019,6.343563659782765
2689,3.3160446797764456
2124,7.605058811160136
9445,3.310894258561781
3668,1.611620723917072
624,5.0029715938312105
6152,2.4849408786323606
8927,1.818140430169183
3459,3.203679461127972
7320,3.333591450788725
7599,2.7740856337649276
8593,7.122369582132428
7256,2.268823210652591
668,0.6305838796480678
1112,4.0582810309239115
1516,1.4379349773660999
1747,1.7885022055058033
582,3.3121831631505607
4416,4.827658719931451
5869,5.015081974769331
7676,5.55290373696247
8784,5.642829427065605
3848,4.100176735202099
5425,3.5728258512385116
76,4.677569465445423
3944,2.162320429107771
2301,2.9288611436765053
9239,3.3411549279798107
9493,5.004656780669627
8411,4.28513788262269
592,3.7328748728641696
2145,6.391610121484778
7251,3.3215208082350767
4568,1.400116229119003
5269,2.1212831469926767
705,2.069298901937924
4132,2.7468121485118804
3244,3.396733773519
8599,2.840265735301216
7129,1.909931344250265
7765,3.2237887732579793
8158,5.638732164110426
8916,4.803218756611769
4333,2.4092839593188184
6513,4.415052758291444
1768,2.0787323044216235
7828,2.011394039483987
908,2.9819082391603744
5667,4.916849171630802
1418,3.2844182037257834
2067,3.543262248561226
7025,0.7326631597962572
1277,2.9345786790110764
8057,3.954028068687111
3091,4.675718222335991
8359,7.872092998519825
9644,4.723386762485621
5446,0.9004337798330453
9001,5.485127999759358
1618,2.083432944731816
594,6.159580458550646
3053,6.605439605825838
7440,3.8148550931227874
8063,3.800184641629631
8712,4.428971141691319
5071,0.20174153720575783
5642,3.4525608588210157
4367,5.71522699590344
9428,5.212449292836187
6926,1.0283925616408718
1746,1.9958796435328074
10,2.750338136326757
3011,2.560567448539299
7684,2.4478753449759822
8735,2.50183802432108
7600,4.257522520267797
4089,5.116388499220551
93,2.4844358198978114
5118,3.4106256879170225
5843,6.58945805925676
9840,4.411584962340004
3497,1.747688363039169
6433,1.107801925346505
7464,4.44537041569664
5527,5.528896027027277
6814,3.5841938273836305
2955,3.9884372866130455
292,4.554449300027711
7678,2.604294689834844
5549,6.512919758103546
2232,1.665804848607182
5696,5.366203663113399
5447,5.841671932015595
9375,1.6019508564769431
1107,6.371547057400294
7333,7.5256635535537395
4803,4.216737025606228
8197,1.4981556046265552
6577,2.1391051493767783
3543,3.8243440747656106
8664,5.242094910533151
9240,4.2875843072264574
1919,3.476640774854789
2227,2.0157393534998276
7877,4.518568501635459
5814,4.41987582080253
4100,1.5553072087628892
6211,7.966172561566717
9395,3.272034510383629
2684,0.6655829170642398
8249,5.618608013313476
6916,6.72189796088392
3815,2.751347324055401
7019,1.9219296418304226
4429,1.82767341243459
7697,3.0722664581308647
2470,3.186188214887003
7847,3.6157971708424217
9528,4.334368856348808
7325,6.653627067036669
2168,2.559953009599797
1593,7.027066196561356
3898,2.6927742131694865
1123,3.1156614427637446
2412,3.741291504188424
9524,5.155410967789463
3007,0.37006866962277396
9819,5.105545028259013
6312,4.041400028509007
2545,1.8323705256393779
6131,2.8572018213640673
1245,5.951180031898355
6058,4.382968259572822
8743,6.301539566554641
7364,8.083469524488843
4122,6.605574503124688
3842,2.5183052242554584
2516,8.155602962682082
8819,4.876590812987642
9019,4.7653676213911895
4226,4.246870561287178
7522,8.963582665021534
7579,4.921784441663697
3550,5.483375836569423
7932,3.099947001871194
7092,3.4990986376322004
5822,6.854825836893653
2109,6.83204455672961
700,4.786289000888502
8811,4.344761435894833
9328,3.4839650217787574
2407,3.7736045704301517
1713,5.631050895316969
5664,3.8179724122884764
4284,3.8515935807897614
8725,3.0871937530309586
3050,2.8804166443331476
5165,3.56056766128488
6187,4.616597383736458
1562,5.793234542943622
7544,4.284556229487903
5518,3.116126665955364
6700,5.505676495024704
8255,3.969400883775495
5333,3.066566888608437
3378,4.640252862283236
8853,3.109324368430967
3909,4.154265484135104
7265,3.905370686212861
603,3.992329448664048
8682,4.031171118903616
8950,4.309049097034853
393,5.555721149435178
6216,3.0648432277611413
7533,3.979385340682998
1224,3.8943937306901297
95,3.4348702993583693
3194,8.29563950760396
7087,6.427051817530123
7593,3.5607266430762134
3111,3.3741742652778663
7739,4.071335871095159
7742,3.4147097072519865
9255,7.506296526666313
3662,2.943877749449614
7168,4.638367706229578
2954,6.3364574877273405
2818,6.430665473726281
1149,1.006264606939408
3272,0.43799372480050147
4672,4.216571796512479
7811,2.13688321633456
3105,2.1499496941478853
7306,3.744388607465811
3038,1.5822871675123866
2039,3.4085793061257705
5309,4.32363835164394
9420,4.2876864800461405
6458,4.14221459277257
2760,3.056064887541697
19,4.697647721432164
9815,3.669390263520964
5268,5.260267528202807
3080,3.3164600053567383
1253,2.895024604061299
6836,5.303002862269709
7130,6.337719170118405
6243,0.3089846845792441
8347,2.3080552598445383
1347,2.2495163388904427
2913,4.164291196015471
7210,0.901259985420868
1558,2.9657599246995114
3016,5.22717056934318
7620,8.384763086511398
4217,8.450827990057318
2286,5.950865312030846
7647,2.980828490457176
8573,2.6146445951562294
2991,3.1926944656912113
8540,5.176155659721099
7799,4.117193789289482
6578,2.1115594701089133
620,5.239270713562041
9205,1.6034581096989204
2906,4.753100731395086
4245,5.357502572086746
6909,5.271663182063181
1046,2.0365417177762746
8015,2.7201875341518558
4833,5.461386806840222
743,3.0205559548923104
222,6.008779700106829
4792,1.2187990788610175
6373,4.509856523060349
1775,6.713558626703298
1501,2.6725290125656795
4467,1.262343194229972
7219,3.79810730437851
7331,5.158061875206764
7383,4.437574880711322
9265,1.0411745007273274
3934,4.93011233925058
5266,4.415852186625197
353,2.1992308717256925
4401,4.978950828939167
7797,3.3139237104520047
6173,8.030614152507399
3034,7.312479278517097
239,7.19534295575024
2510,2.6498769118647623
9283,5.220441792802051
5794,2.7623996214793696
9679,3.0473800430153344
2588,2.354970313495185
9288,2.927083263508159
9704,6.420343521837916
2045,2.4447487001517825
8059,6.1986449550938305
1018,2.201160757664414
2963,3.675848992249673
6020,4.249047209486994
1897,6.772433520273672
8384,2.087935931158702
1103,2.715884516281187
2245,4.200195776171986
6975,6.331950719057643
4355,3.2720093288038266
3024,5.765621588785157
6914,3.803742888048702
2486,2.5185166611365246
5550,5.691621945873496
9461,1.4329725191203506
1599,1.1819276734502893
5927,4.957605034539726
9229,4.379208325365962
9301,4.960330749800221
7410,4.1681695069018705
217,2.9273734765055055
7812,6.4880508784267175
7726,2.995955630660613
8313,4.42656091071142
1034,1.3153267689646895
5849,3.337619738906602
4518,5.172558741694026
7110,2.0747667581379297
2373,5.002411246327453
9744,2.483381172725
906,3.715130481874795
4313,5.710932113189738
4639,4.4988645248777255
6817,4.775729789574414
2650,2.3271863800080386
1658,4.772443328214658
4475,5.407247031035968
2150,1.8212153122913177
4906,3.112386977426695
4682,3.516728765264223
3410,2.174739781133529
7915,3.768243387931312
852,4.164853639191456
4816,2.6180977733060473
7363,5.046868817744153
5916,2.768081928574681
2957,2.4850565675323666
5106,1.8158724460565252
7046,3.0190848952715443
4766,3.9596381458418257
6864,2.937644101841129
5649,2.810700321544436
747,4.191311531651765
4279,2.627977609298275
347,4.735925355225512
8816,4.534646897144019
2072,7.5899352489488905
4023,3.1538689646955853
1617,5.19666625508563
4328,2.6715425336358827
8499,3.5913187494437553
2664,2.7290111300868682
8606,0.694608665566602
3624,3.8862256513438043
2375,4.754030454027556
8122,3.919392795892558
4740,3.388409994866435
763,3.320074234975934
1479,2.749757708489572
2291,2.585411551292844
5967,5.050524043436426
6597,2.0555234392862385
8326,2.0093100091181553
6691,0.9468440280060375
3616,1.5916397266428626
4091,4.3212498116750915
708,4.757996549400701
509,2.765201708545293
3015,7.0562270722957585
7335,4.312088926670751
7685,3.6551508122333196
4934,4.180923468337957
9093,5.352218028761747
7758,7.650519910703062
1785,5.623601648914404
6649,5.567259601905615
4537,2.0127621390059565
9780,2.1999884278665305
4277,0.9464781423540347
711,3.1616416152018125
6309,1.1790958541090002
9150,2.2932110003884847
4326,6.715860094316039
4514,4.022538870169349
712,3.408102232135586
3338,1.403829147463863
4701,3.1504276236837363
6244,7.192550212278593
6939,0.8206877040965233
2098,6.007203647233283
2138,5.351945225902137
3434,3.705603302324408
9330,7.835362391337059
4908,4.359524169996549
5129,5.9961008668366
212,6.399628929872229
9221,3.6279662824290972
3914,3.0723578983077577
1010,5.472320104529282
323,5.338288469542467
3963,3.5988885351940167
5464,2.715519239334463
3071,5.992205540540139
5894,7.9940227830875354
2360,2.606741577039023
7374,1.472656675496029
8171,2.7585773733130914
2316,5.640506511497828
9541,3.706652392992053
4981,1.216184629060208
6646,4.1725829129294505
3143,5.351068199802465
6885,4.947065963083505
3125,7.590687926393999
5228,1.4575341013108978
2447,7.688391727383767
3131,3.5384092396651243
2688,2.5383244087506602
4123,0.25300821579363
774,0.13917178439911426
5646,0.16682882220098705
871,8.124363995404964
4237,1.4677114783139023
1263,1.8291857595033663
4707,3.2100009891802066
3723,2.615003497860402
9659,1.7561925919772388
7342,3.9544139968361836
5594,3.854364254294336
1220,2.8350540833126576
1730,5.149321360925974
1530,2.926276979585708
408,6.7774494259374265
2108,2.2294559941213885
2210,2.664996471204454
2012,6.058999093133263
3316,4.807977825728535
8203,6.201297828348384
6774,3.369258734524818
2620,5.049605720401958
2766,3.073249988169218
9655,5.13613749574767
4657,4.957792960837477
7298,3.4678335618857883
7055,2.87865008860925
5459,4.770140031070149
7139,4.0403440292734665
4700,2.8848378841428186
1915,2.3592398458990527
6206,6.9228462054535
4641,6.507090161063224
7961,2.526781108607582
8008,1.7989545507924034
7671,4.035332527484106
4745,6.700121709223362
2405,2.541821145605703
1339,2.932621208355517
6215,1.1320517923365832
4509,0.22563118279273686
4900,3.1796673153352315
2165,2.46151659435169
4076,3.554301996572078
3501,6.173569944353883
8674,2.538764796086067
745,5.832918969932691
710,4.37557763624342
379,4.317986608236875
8329,5.332403327613962
2777,4.299341698761373
4606,1.332058834218501
5666,4.902866798411039
6107,3.553352212061596
4372,3.1248846573115294
9363,3.179039208297556
4661,6.52126738240691
6498,3.6460969093321687
8465,2.3495125801362837
2465,3.5513573709865733
1313,1.0226421041042424
7523,6.05372510684424
7855,4.496242175291387
4304,1.7599973295555613
3931,1.6579890466524057
1482,3.652397120078213
1285,5.273125846693851
7583,2.6008331174006756
6772,8.490774722337317
3353,3.3993655736442316
1655,6.284961251144155
427,2.3222711785680907
653,5.570285278573002
8930,3.6153488671244167
1498,4.722439359671766
7531,4.100059281539479
4055,1.0634274569642046
4617,3.2478108084102644
6754,2.822273943817035
2737,4.388436392814893
2691,5.422303554270909
611,4.307355944603071
8855,1.225827226730257
8204,4.678454860123462
3487,0.5998793721154514
7820,4.367310665180457
4756,2.398524518875039
3684,2.473959193414199
554,6.643933491756827
2523,5.155809503126926
511,3.7406892357003954
8670,6.539535195657996
4252,5.077677931109598
967,1.0831363310180584
5885,2.6005985832901493
3582,7.197074854146567
2517,2.7833543747919727
7460,7.590923306533135
9351,2.2539673843152355
4156,2.249049820520473
1650,5.943323894624086
8802,5.99602357927615
6571,7.604889990027819
7627,1.9140272142708465
3643,1.2909337599081527
8470,6.20824581045907
1109,3.421739279029407
7556,6.122995034397677
5067,2.0822786983498336
1038,4.947217207237232
6022,2.0428326836776436
1488,2.6599686216743765
8488,2.9399058796658313
4975,6.8828712070781215
8859,1.6635476444507886
8934,4.0859534657121985
934,1.9907737880470633
8639,2.029563941253607
394,2.6950565142742207
5247,2.6036240957618095
9049,1.1441235810578907
3481,6.390557170491607
9817,3.4808882612528054
9378,6.423372774718565
1297,4.307948864567987
9437,4.835308699919923
1162,3.168113011640019
6126,2.1617165735346937
4233,2.720714839760488
1862,6.837304551674645
2930,4.497551418063011
58,7.003857755893673
2894,3.361854205715139
4366,3.5466938176226677
4339,2.2684062407889836
4417,7.8488910505012655
9292,2.1727973207085833
3314,4.22549100388029
7349,3.5540534623163604
4344,0.6168433373219231
5306,2.618998587524421
9584,0.3466259338820463
3721,3.3455550465946935
676,1.4551267591223342
3428,1.3032635627539908
3495,1.9893606100986303
9379,4.826144900928099
2614,1.8463725639970456
8952,4.204077293390929
3274,2.220569345246557
8191,4.19072747385213
3991,6.287697746941454
4447,3.723323972860994
8632,0.5096680136276732
866,7.212616224736692
8402,2.883065714749253
4902,6.452762293334638
4453,2.058960244479641
2876,5.861206742683689
8876,5.587327055729944
6429,6.0373909287311776
9085,5.698049261800012
2344,4.390458668796192
6351,4.3352699331227935
5356,4.8123474329666305
9578,6.398366927199062
2251,4.558585941393009
4395,4.249088558893522
1210,4.796332241733152
5584,2.9663983588810234
2420,0.9052926968905068
7417,5.356304694007626
2337,6.003702986746397
6410,4.896173809286413
1921,5.116277840952193
2358,2.202336389601939
9191,1.5045892952909052
3787,5.728486643470592
617,2.2626509160064625
4414,3.419775951550213
5092,4.058684574913038
8160,4.123684722078173
766,4.4347415130406
9162,5.247267906751106
8986,2.006019130579709
7354,1.347128249934849
1144,4.248031323002953
8091,5.377067266515166
6658,4.626051241270217
462,4.745067870369222
4521,5.883366967778379
1765,4.915547324710051
4638,5.854662904989991
1901,0.7829610636277677
5358,3.4391050083171413
8937,3.6208286551685243
6486,4.184945677673946
8301,5.714715660999462
2110,5.792859195521151
6902,4.643167729335018
828,7.253693326458714
6839,4.015490472679678
3761,3.638999006490472
2996,2.0317541837455586
5593,7.371022994352492
6242,3.386203154272704
3625,2.987394309402823
2478,5.3201003617951566
3541,1.354024140871231
4963,4.032481147391073
20,3.8268102192155444
7503,2.958831837853782
9249,4.720217912076822
9222,5.2000069914083795
3673,1.5749422048928268
8594,4.0400770663568295
1295,3.608664580233551
5958,5.544627405699841
591,4.303478812058974
2840,6.432486326066677
221,0.8742122033552704
7371,3.892657127574073
6084,4.75637693259534
4309,3.6249689562580314
858,6.5220063038996905
5289,2.8944292935738183
4539,5.2023715595546465
2973,2.977581758961382
9837,7.353038546735753
2648,2.4559520777303443
3298,6.970242445059185
9497,6.1178579698511575
994,6.517348102847621
4229,3.825408190349644
730,0.7558911965262118
4464,5.287322465665508
4667,3.56424529687684
8852,2.747198604644861
6682,3.72249748380363
4407,3.1314419801286935
1795,3.6574675852084138
465,4.9332214257658284
5389,4.022153674901095
7402,3.3103530559631267
7775,4.525007576296218
157,4.227622942897544
9508,6.018848576998865
2191,3.6018898477500145
3210,3.3267825668269846
185,4.665766901868956
1002,7.127473106231192
5515,5.215646757255716
3238,3.0196171396636
400,3.6864913470624256
7238,4.582199512341602
7103,4.2927665879750165
5931,3.7183098744053176
7146,4.4917050134564
4832,0.6302205430564114
2732,6.12991023689111
7801,5.579696935511643
1250,6.9942166663838625
8398,3.407585941913114
5665,2.880617762339912
59,4.104332792605137
9703,3.82160922017753
1113,4.50371387194877
2927,3.484034595455986
3936,4.635236654420179
1328,2.1762936720966124
7442,6.826097446284404
6507,2.1744762342114363
8112,5.510936946315158
9458,2.3622158907606563
8526,4.5249290005936205
2922,2.8766595923882994
7809,8.65784300099977
7365,3.123706131331203
5313,3.6669238009177176
1550,4.3734263258305806
1009,4.72313803153321
6380,5.7874171463419195
4176,5.866876153248409
7658,3.85809592987418
3518,3.084412965982333
5466,4.00918378346504
1941,4.614972107345902
4921,5.384250567345254
5694,2.7146749278982867
6438,1.5196840259400184
9841,5.582621578158721
8936,4.188448239785945
879,5.325993765945661
7152,4.202364995440937
2388,7.517608556217316
8857,3.940895808098094
6403,7.1352562703194415
4829,4.2976633708625505
2377,4.39677795199422
2627,1.9731935928640267
883,3.510194645644825
9241,3.9310236148306816
4771,4.5851707606438
6712,1.6472005509276437
211,2.7987336085593357
3383,3.6067607072492827
8898,2.267751271657038
2807,3.5950649884846397
1937,4.7651981681236535
9710,4.3333857441099255
4071,5.135148027165429
1438,7.362529046768438
5882,1.9344977295661498
5325,5.449494681928682
6311,2.75653061105446
5504,4.227226587268716
8497,3.5981277455882137
6510,4.668077794413958
6296,8.806403735413287
9029,5.887574517255131
9654,3.137182306301095
1314,2.530477527393059
9622,3.1697966471714145
8109,2.196893850610839
9579,4.683197620698431
3508,4.273979865131976
914,4.4423721537182335
12,6.22950163446421
6428,6.385906751561004
6259,6.973717767810106
1536,1.9187385174418978
736,5.303820052769629
1688,4.7900640155464185
453,6.15743033481446
8494,3.0560909745389786
927,1.8367072957721127
4335,0.5840207237409158
9291,5.196334128518352
7216,4.112844880624151
37,-0.2835005729071871
4007,2.1123205567499967
9752,2.8181237284787866
7430,2.56785765669784
9873,6.113945435133753
4382,5.644184981617135
940,4.096185393458178
5035,3.70432283912444
6485,8.43495782207163
8553,1.5318536795374569
8014,1.52779668276247
2127,5.111060240243403
5566,7.8598889117019795
2147,3.2990765980233316
738,2.50183802432108
538,3.4252314676020656
5868,3.255255177947228
7558,6.95766304766811
1400,2.3846103826261706
6687,0.39144082140509306
9643,1.9973198228467361
8575,5.667235381516979
8833,2.163610211686845
8117,5.575323737334765
2157,4.2557254245321054
5202,3.389993785563134
7934,3.1730541110449892
1825,7.36848026401198
9795,2.9297278000462015
9764,4.21568573883712
6586,1.4778767205938985
3813,3.9406985666433725
3307,1.9694182858764897
5418,5.6638585740217255
6480,3.365144073165818
7412,2.333025965585896
6080,6.536611823321799
4338,1.033302562973304
7416,2.8845265332325
2678,1.9205139677343999
4598,2.4600845372260998
7534,8.17893422268896
2864,1.0525433901752792
4572,5.1899338872174905
5404,4.962731221433858
9626,4.103367523536243
8042,5.605484163140812
6343,2.806299260178716
6435,5.406726455035496
5940,2.321313921559387
8820,3.0420361457338556
3597,1.958248048895758
6743,3.166238748502289
3884,1.221416789229894
6341,4.932209915112631
3889,4.315845797409333
8170,3.6201410727325793
5489,5.342302462862836
6255,6.346914137487066
3535,5.928130846255736
2754,7.041149769954659
9234,2.975676253239336
7467,2.9985969292933987
7998,3.6030491392486694
9157,2.0236956629955536
4222,4.576736219748012
7199,5.000993310230589
3574,3.78643950787402
5833,3.0222158016448635
4238,4.406324495679701
8332,4.062402858846917
1346,4.116056155266304
6901,2.5127193524320774
8834,6.235839260395883
5502,8.648487159171074
7864,2.510251043620623
3033,7.498936885430561
3299,0.8503791495030986
8570,3.4177881179698684
6062,6.781090418091798
9156,6.146993660895811
3295,4.34148693030054
4635,3.6149813463722733
833,1.626569386449399
6329,2.1688251638861713
2492,2.860611686629803
7584,4.236712485971169
2055,2.6597115594260017
3844,0.15674177569279957
7237,2.6888991204395047
2982,5.961537099916317
9220,3.846410788211962
5454,4.04572938966123
2270,7.869448056675034
8929,2.4874680210835116
6195,3.810056254048458
2199,4.193053280134038
8845,4.26089728331137
6995,4.395702337571082
1732,5.306347519276182
1197,5.71444960742356
8496,2.9815472682685256
3894,4.209543562129088
6175,3.2974641427067546
1429,3.20977010821494
6297,6.922718878358777
5559,6.756472737012794
1783,1.0491942685561955
6041,4.072753678950229
6226,4.648546792885941
1153,3.181366481534873
8655,2.6499481702756142
2615,0.7214351531250371
4121,3.487709955580437
9346,5.3939984780439225
2260,5.205658542026879
3392,4.957113609756755
3799,3.8180848861426613
3411,2.537935309262619
4972,2.1815253664285157
1833,4.215522630234749
4532,5.328424878119035
605,6.94570298331589
6707,6.888625072818979
6778,6.043550090083486
4474,2.9911340916777043
4924,2.1785086635979702
1483,5.52510912748517
3281,2.388843927861944
5281,2.8510186663120067
8785,2.43639064411274
2485,3.7956297313607466
3946,2.0772548389161765
1426,2.879843966661614
496,4.073391687289643
3206,4.125403432870309
3817,5.469105914170541
758,3.807393278330516
837,3.641824463055505
6021,4.8348574342180966
9630,5.240452845334268
1022,2.4016376514390005
8649,3.661092051027418
5465,4.43807551247749
8358,2.222097608930091
1057,3.238932963288022
1794,3.4659688405926863
8231,4.74932448320653
4241,2.8662979181150585
7582,2.204583346113049
9426,1.564443065191233
8897,2.164909052154882
1981,3.424331650167267
3460,4.126829226163111
1544,3.310043762316031
4332,2.964996770073578
1718,4.750835877316714
6119,2.808597832853472
2189,2.5492029716656206
6070,4.776180636779174
724,4.409273650974062
3666,3.4636072112692506
4202,5.805771957338179
6455,6.997730962610339
1127,4.314009216359883
2830,4.376286589824856
5022,6.215388317414983
9590,3.1096049694725
2867,3.349154657904039
7767,5.4428476814359605
3992,3.1008946053613275
5137,2.3728573226633927
8998,7.443801017645388
9388,4.572303218467608
3064,5.15045280637928
149,0.42098685204037656
5379,4.457869948771199
4098,3.2836372027770815
8782,4.775586603349417
4113,4.442977035380568
841,6.02098785992604
7131,5.105500786831147
6867,8.010704963532804
9611,5.226286728526595
7089,3.116742571337703
2816,1.7006668701712688
1835,5.193386065228426
2178,4.091939564971338
5650,5.631524603082809
6466,5.924296866682966
5381,2.9507698303075003
1392,2.4416953347457646
2910,4.499051699943109
3465,6.0858295143904595
4721,3.6089422148922403
8341,7.593264412861629
8618,2.526608070109259
550,5.974138177755474
1740,1.9616678485328751
3595,2.52480051583806
1817,5.3313015340701035
2483,4.9811410721866265
3118,4.242610715781692
5259,2.0745634910730115
17,5.94873995015004
1770,6.318285742917757
8643,1.2379509022805357
1642,4.894467092114742
4165,4.456843480075439
4075,6.117682982426355
4625,3.359204701902609
4705,4.907982886039174
533,2.8458078744005677
132,3.5122194892692526
4738,1.4525629711216461
8350,2.104371833309677
964,1.1001206211940935
7851,5.515484171799605
8165,5.0707125695086015
7645,3.586758517928822
1095,4.342552809888153
7663,5.337086801496067
1561,6.095163977431623
1670,7.502560130328773
8176,5.0369619075939
4411,5.4528201145450765
9276,0.26949271505242134
8399,1.8123382067659932
6601,1.653015545202544
5710,2.9303747193769665
168,0.5251922092420842
2473,4.11029138038349
5749,2.6414276075129424
9409,5.890593261165045
2018,2.4123689814461917
4511,4.789273741583292
8579,4.126566751760911
4301,4.685838177820668
9097,4.915751988903942
2540,5.376406090799593
3903,0.6907348108667208
2167,4.951011023306048
210,7.689852289078039
9796,0.3927869504680914
718,2.4723561714226623
4634,2.1454537599331625
7626,3.9610106271497427
1298,1.8175260915885203
7670,3.393693706068653
5733,6.423983351198788
2995,4.567726728440042
6951,2.99658223362127
6001,4.306972992712365
9799,1.6789448554733943
2855,7.892033379077139
7007,5.598463157052165
1287,3.6789574742959905
3784,2.428970746960972
6209,4.526978744097894
8344,2.7067484337023173
6055,1.9864266245168882
4640,3.500026459824201
2302,5.326821642225599
7038,4.827254833747866
2758,3.1916815407689447
9533,5.036213000664823
3017,5.782305074695255
4267,3.961795218360185
6204,3.71966536752727
2724,4.348106843040444
8747,5.2879210877995835
6664,5.155700793536295
2673,3.4485887177765964
3142,5.462920726608134
7852,5.3470711545539915
7520,4.203527693676163
449,3.6921389569638907
2128,3.976812319877912
715,3.9127770596554283
809,2.0163233132883946
5003,2.50183802432108
7434,4.917188853844694
9275,3.4912804654504397
810,1.094114708698633
3952,2.049508071668378
6321,5.59545594576673
6647,4.556890174777804
5351,2.5375699456983605
7017,4.589421314497825
2742,5.04493968425452
5826,1.6246541487374464
6203,2.1744762342114363
4850,2.2548470617029466
3202,2.041463064631894
5994,1.0265476943929621
1477,1.2209966188247265
1790,2.407803910831407
5026,1.7818704322815204
6897,2.5192368295129315
2771,4.806196899921214
7897,2.559953009599797
1406,3.7583453492070826
682,2.0230890915351543
5431,4.124715633331208
9099,3.256622244896068
5863,0.3878880015561159
4588,7.045661455756857
3123,2.922512675294052
4170,5.44859460379128
9122,2.955350129802489
3997,2.150376296510843
2707,4.921830469594333
2115,4.673515241729789
5128,2.4667698412275323
3148,3.4231269747510487
46,4.381683655633197
30,2.7208003219184667
6587,7.291710436288705
4064,4.3334672097375355
8408,5.668223261444433
3688,2.155025192201144
1468,4.506367742144921
1665,3.985611277883231
1416,2.4139863972816284
2275,7.469371665131495
5739,4.648242669709912
6155,3.120057866774775
6475,4.878130412661125
742,4.292433421114699
2362,1.5497920808393428
5758,6.0174138273425335
3794,5.838302525827353
2602,0.0501902863795487
429,6.3713853793457425
5125,4.037341781393588
2002,1.7815736349532476
385,4.230984406455336
1945,2.7974005057264897
8707,7.760381879771381
5138,6.1649509097976285
252,5.189818304615071
5371,2.9746578865393825
473,5.880260106120632
3063,3.5832458917266794
9032,3.174147149095024
2498,3.3676148836927435
6465,6.205259915596157
6386,1.143434985107516
6815,4.400565996519308
5747,2.7070411469918065
2303,8.344515372162324
1055,3.5755026781814605
233,3.4112512135641886
9069,3.502432737010543
3100,2.0625185449736794
6648,2.24823305262659
6076,7.810860423615995
5060,5.560662816686501
